policy,arrival_rate,low_reputation_ratio,deposit_price_coeff,proposed_reservation_capacity_fraction,lyapunov_v,tasks_arrived,task_acceptance_ratio,average_delay,average_energy,sla_satisfaction_ratio,average_user_payment,average_collected_payment,average_user_utility,broker_utility,bad_debt_loss,settlement_deviation,offloading_ratio,individual_rational_ratio,budget_balance_ratio,risk_bounded_ratio,settlement_bounded_ratio,cumulative_broker_utility,average_social_welfare,rep
QCP,0.4,0.2,0.45,0.35,8.0,10990.0,0.9943585077343039,0.7251211642893739,0.3367452476739457,0.6587664714494875,0.0638968902484096,0.0618377661931837,0.7011661117328264,0.01577353771476587,0.0020591240552258814,0.007659164525253123,0.8556918008784773,0.9956076134699854,0.7820278184480234,1.0,1.0,172.37322014696142,0.7169396494475923,0
Ablation-NoReservation,0.4,0.2,0.45,0.35,8.0,10990.0,0.9905368516833485,0.8270946912606942,0.3789104921943439,0.6114275215873599,0.06557440959614697,0.06368413482764776,0.6736007231739057,0.019121500148318798,0.001890274768499207,0.0090273447924093,0.821238287708984,0.9926511115193827,0.8451221752709903,1.0,1.0,208.15665061459845,0.6927222233222246,0
NoReputation,0.4,0.2,0.45,0.35,8.0,10990.0,0.9929026387625114,0.735641081765786,0.32333891163063,0.6486436950146628,0.06813708246282407,0.06364495247451839,0.6953038660045456,0.017056474359584625,0.004492129988305687,0.007924404678575865,0.8705095307917888,0.9959677419354839,0.7927969208211144,1.0,1.0,186.1202482117874,0.7123603403641302,0
Ablation-NoDeposit,0.4,0.2,0.45,0.35,8.0,10990.0,0.9923566878980892,0.7310756100412369,0.33907297828870714,0.6566110397946084,0.06432111983980042,0.05938738124566199,0.6997329080855765,0.013404609545887064,0.004933738594138431,0.007640723986254458,0.8563176233266092,0.9960572162112599,0.7682926829268293,1.0,1.0,146.19067170744432,0.7131375176314636,0
Ablation-NoPostSettlement,0.4,0.2,0.45,0.35,8.0,10990.0,0.9929026387625114,0.7300377654501896,0.34052376879584684,0.6530425219941349,0.06730619863393977,0.06730619863393977,0.6966949680155989,0.021326035747698358,0.0,0.0,0.8555718475073314,0.9959677419354839,0.8265212609970675,1.0,1.0,232.70970207888448,0.7180210037632972,0
Ablation-NoVirtualQueues,0.4,0.2,0.45,0.35,8.0,10990.0,0.9899909008189263,0.797255765194238,0.3121899215432116,0.6097426470588235,0.06716014653618654,0.06504550940062456,0.6827443309904317,0.018767247754058625,0.0021146371355619874,0.008704426196060319,0.8612132352941176,0.9942095588235295,0.8172794117647059,1.0,1.0,204.18765556415784,0.7015115787444903,0
QCP,0.4,0.2,0.45,0.35,8.0,11196.0,0.9952661664880315,0.6808637741489808,0.2940352753417289,0.6759400520506147,0.06361781765887319,0.06158956737244574,0.7187544950590622,0.01419311865661587,0.0020282502864274418,0.007015128886723806,0.8730144485327112,0.9967692721888181,0.7561697926949654,1.0,1.0,158.15392119067064,0.7329476137156781,1
Ablation-NoReservation,0.4,0.2,0.45,0.35,8.0,11196.0,0.9926759556984638,0.7716869353714476,0.3217435476988863,0.631545798092496,0.06546732000958899,0.06300079557378968,0.6942508945428475,0.01678516724605155,0.0024665244357993197,0.00830746268296377,0.8416411732949434,0.9951412632715494,0.8093395717113551,1.0,1.0,186.55034877261693,0.711036061788899,1
NoReputation,0.4,0.2,0.45,0.35,8.0,11196.0,0.9949982136477313,0.6907537497937197,0.28519426980450513,0.6666068222621185,0.06792010585542015,0.06344622087527184,0.7124226767634878,0.015667509663166643,0.0044738849801483,0.0073330532298108856,0.8845601436265709,0.996588868940754,0.768491921005386,1.0,1.0,174.5360576476764,0.7280901864266545,1
Ablation-NoDeposit,0.4,0.2,0.45,0.35,8.0,11196.0,0.9957127545551983,0.6786076746431691,0.29404447843817655,0.6742016505202727,0.0641529267930366,0.058848328871016126,0.7186991197147101,0.011407125329360312,0.005304597922020463,0.007112793813151512,0.8729817007534983,0.9976677430929315,0.7401327592393254,1.0,1.0,127.16663317170875,0.7301062450440704,1
Ablation-NoPostSettlement,0.4,0.2,0.45,0.35,8.0,11196.0,0.9954448017148981,0.681030512572851,0.2936696299629813,0.6729475100942126,0.06678561585608578,0.06678561585608578,0.715631520867008,0.019292409371763596,0.0,0.0,0.8744728577837595,0.9986541049798116,0.7966801256168685,1.0,1.0,215.01390244830526,0.7349239302387716,1
Ablation-NoVirtualQueues,0.4,0.2,0.45,0.35,8.0,11196.0,0.993479814219364,0.7367919020122077,0.2778199972628207,0.6367886361593096,0.06602466657588904,0.06369140625821657,0.7040447765660005,0.016300844607756576,0.0023332603176724827,0.007856837176941672,0.8727861188528274,0.996044232671042,0.7816236626809314,1.0,1.0,181.3142945720764,0.7203456211737571,1
QCP,0.4,0.2,0.45,0.35,8.0,11124.0,0.9950557353469974,0.6687136341969352,0.29065632897002397,0.6906676303189087,0.06299189647793298,0.060908944503955675,0.7204282920838515,0.014520305302034872,0.0020829519739772955,0.006700894390614971,0.8774053663384226,0.9968380160809468,0.754720390279158,1.0,1.0,160.725259388224,0.7349485973858864,2
Ablation-NoReservation,0.4,0.2,0.45,0.35,8.0,11124.0,0.9918194893923049,0.7470946389602672,0.31408549552076553,0.6504123991661379,0.06508211172711674,0.06261527493485716,0.6988707679494814,0.017015606450658395,0.002466836792259574,0.0077831100380897295,0.8535303181364996,0.9955587782108221,0.802410948971268,1.0,1.0,187.73318597011408,0.7158863744001398,2
NoReputation,0.4,0.2,0.45,0.35,8.0,11124.0,0.9946062567421791,0.6768084194985845,0.2822842493774437,0.6795010845986985,0.06739638886749379,0.06309560702030075,0.7144246273850428,0.016413725021654064,0.0043007818471930415,0.007160935403927037,0.8873825018076645,0.9970173535791758,0.7754880694143167,1.0,1.0,181.60145363958057,0.7308383524066968,2
Ablation-NoDeposit,0.4,0.2,0.45,0.35,8.0,11124.0,0.9937072995325422,0.6713186002576442,0.2918558624341443,0.6880767143115615,0.06348412661322955,0.05839943267421916,0.7193525773382142,0.011998508120408388,0.005084693939010411,0.0068198531494316345,0.8767866835534648,0.9962909354079971,0.7438031481816537,1.0,1.0,132.63150876299432,0.7313510854586226,2
Ablation-NoPostSettlement,0.4,0.2,0.45,0.35,8.0,11124.0,0.9951456310679612,0.673924427163098,0.29082234228315634,0.6851851851851852,0.06573912133349717,0.06573912133349717,0.7163038196859229,0.019353615914954977,0.0,0.0,0.8768744354110207,0.996657633242999,0.7953929539295393,1.0,1.0,214.2445281785516,0.7356574356008779,2
Ablation-NoVirtualQueues,0.4,0.2,0.45,0.35,8.0,11124.0,0.9944264653002517,0.7230341920429573,0.27729598342173356,0.6498824805640933,0.06551469360230844,0.06334988166721914,0.7054285464243516,0.016832775977282333,0.0021648119350892937,0.007516563121319098,0.8816669679985536,0.9958416199602242,0.7829506418369192,1.0,1.0,186.20416786069717,0.7222613224016339,2
