policy,arrival_rate,average_delay,average_energy,sla_satisfaction_ratio,average_user_payment,average_user_utility,average_social_welfare,broker_utility,bad_debt_loss,settlement_deviation,task_acceptance_ratio,individual_rational_ratio,budget_balance_ratio
NoReputation,0.2,0.6351777743799505,0.2750450377820011,0.7006247159346058,0.06688434692593404,0.7250444154187496,0.7410682045802837,0.0160237891615341,0.004347785713304763,0.006743910190505314,0.9966618903158455,0.9973821185937877,0.7623928939456978
NoReputation,0.35,0.683290559756012,0.2895547634300886,0.6794193814746934,0.06780039895149559,0.7103848221126711,0.726788689624252,0.016403867511580947,0.004421548585106704,0.007233447541497504,0.9945713125407197,0.9966077868223643,0.7736678519799146
NoReputation,0.5,0.7308867255746194,0.3051600919958494,0.6543721823138113,0.0683279093657661,0.6978568665093071,0.7145091322464556,0.016652265737148498,0.004501019575180408,0.007792494286108227,0.9938186060227036,0.9955300946123108,0.785993311046413
NoReputation,0.65,0.784270233075382,0.3213814628540728,0.6256924170104873,0.0689372483004818,0.6830595730696555,0.7000075805779532,0.016948007508297686,0.004520106228027576,0.0085151984836691,0.9933546731493651,0.9942702037585444,0.7993894567799155
NoReputation,0.8,0.8330543472043623,0.3450662951421801,0.5981386667108316,0.06908400590587084,0.6724023783281785,0.6895428706806457,0.017140492352467188,0.004520203576259641,0.009131543530999481,0.9928295969970113,0.9931311396527862,0.8079145671104221
Delay-Energy,0.2,0.6982586838961256,0.2967559572719553,0.6675161472506899,0.09880408164835862,0.677557822671,0.7348409426584318,0.05728311998743189,0.0,0.0,0.9938777538913769,0.9956033762784413,1.0
Delay-Energy,0.35,0.7708111014750484,0.31163050375977946,0.6299583200650593,0.09748254825010756,0.6588062353588183,0.7144502839500163,0.055644048591197974,0.0,0.0,0.9935986234195585,0.9935890541379457,1.0
Delay-Energy,0.5,0.8482716316370368,0.32914475261973314,0.5873356645916362,0.0956470840792426,0.641434235094707,0.6952060247565207,0.05377178966181382,0.0,0.0,0.9924646416932529,0.991313426945131,1.0
Delay-Energy,0.65,0.9197148608629636,0.34794347630313976,0.5517728763713419,0.09421272274356257,0.6245931214454568,0.6768095295799818,0.05221640813452496,0.0,0.0,0.9906404854525418,0.9876407774646488,1.0
Delay-Energy,0.8,0.9867063607951018,0.3718462242154179,0.5170820093340291,0.09206701484663671,0.611647110286151,0.6619435607016732,0.05029645041552211,0.0,0.0,0.9909113353765037,0.9842861055259982,1.0
DP-MEC,0.2,0.6735772412408743,0.34649609638313245,0.6804767852460527,0.10618189903063056,0.6740431439948337,0.7400141337350109,0.06597098974017719,0.0,0.0,0.9919322294204624,0.9957163669359588,1.0
DP-MEC,0.35,0.7433646784711357,0.37192369709095807,0.6421451640278075,0.10922031103323114,0.6513834128499741,0.7202961706032035,0.06891275775322936,0.0,0.0,0.9905357571211852,0.9918080784720603,1.0
DP-MEC,0.5,0.8029685471626671,0.4003896116561095,0.608457746546498,0.11180638961259597,0.6331940975642218,0.704950621893594,0.0717565243293722,0.0,0.0,0.9887713836811235,0.9904006560731466,1.0
DP-MEC,0.65,0.863729927060521,0.4335389178471736,0.5778940757774075,0.11351906028555699,0.6151382788703721,0.6888813537762765,0.07374307490590443,0.0,0.0,0.9858680395665029,0.9849779278136307,1.0
DP-MEC,0.8,0.9186730161160845,0.4674403326363157,0.5483531097688128,0.11469709194345268,0.6018286798552599,0.6772852191806696,0.07545653932540984,0.0,0.0,0.9832460212826799,0.9814655588266047,1.0
DoubleAuction,0.2,0.666674622474321,0.3668333406298385,0.6825836835892661,0.3566196184968322,0.42587965199847394,0.7427105701625872,0.31683091816411335,0.0,0.0,0.9741078698931641,0.989796320521601,1.0
DoubleAuction,0.35,0.7318356033006775,0.3929208337279558,0.6484084838616839,0.3419114366914478,0.4223785350284886,0.7245234530457351,0.30214491801724647,0.0,0.0,0.9718309130774595,0.986216082291446,1.0
DoubleAuction,0.5,0.7935509047473773,0.42813691670956516,0.6158223699652029,0.32575664121863046,0.4221424924182747,0.7084602091389266,0.2863177167206518,0.0,0.0,0.9710416993143752,0.9821362130871719,1.0
DoubleAuction,0.65,0.848709648735416,0.46152715067007816,0.5862393467772105,0.31065688446635015,0.4219258546425388,0.6934843161923306,0.27155846154979185,0.0,0.0,0.968554318011318,0.9770042466622858,1.0
DoubleAuction,0.8,0.904017751000226,0.4971866787466346,0.557637767407947,0.29718663784104304,0.422809842142254,0.6814790065649894,0.2586691644227354,0.0,0.0,0.9684198412435796,0.9725941562497997,1.0
QCP,0.2,0.6310659988833187,0.2791624616021302,0.7043773534089149,0.06293952927766645,0.730344036031363,0.7448600743983621,0.014516038366999029,0.002144104456723659,0.006424140090164069,0.9944841642404941,0.9972547776610088,0.7451758138111301
QCP,0.35,0.6784670221366449,0.30044891006745905,0.6829309132937684,0.06340318446197947,0.7153257795987603,0.7301718365257939,0.014846056927033467,0.00193691005384297,0.006882559264786078,0.9948169843156386,0.9967142122294107,0.7577262948096491
QCP,0.5,0.7213862888993123,0.3189538045514043,0.660422753108366,0.06403578140111399,0.7039589923054507,0.7191984225736371,0.01523943026818649,0.0021751027387004553,0.007483201177684355,0.9928295592529327,0.9967890209667333,0.7736125779792745
QCP,0.65,0.7701035426735259,0.3424816672687751,0.6345345363833285,0.06468856521205602,0.6898437160909824,0.70569782778469,0.015854111693707592,0.002102355997478304,0.008230790628224445,0.992381693884253,0.9947365794563975,0.7954425645519038
QCP,0.8,0.8148021546300616,0.37173698969336866,0.6118574116508482,0.06482893959935639,0.6799044836482482,0.6961969031612382,0.01629241951298997,0.0021277320086821143,0.00886875612462905,0.991895566331114,0.9939931886399603,0.8115899567733381
Stackelberg-EPRA,0.2,0.6797714468192616,0.347560070131659,0.6763243934145639,0.09628195372450658,0.6818455736220672,0.7378605122655025,0.05601493864343535,0.0,0.0,0.9947158914619957,0.9960976594831604,1.0
Stackelberg-EPRA,0.35,0.7449160838252059,0.372332262188851,0.6421680040628021,0.0951750626434706,0.6641110016851864,0.7188793738897937,0.0547683722046072,0.0,0.0,0.9946405491653988,0.9948185630597378,1.0
Stackelberg-EPRA,0.5,0.8097533852239436,0.4005757751738086,0.6058547754794922,0.09356781332031021,0.6490529078464904,0.7024311901669827,0.053378282320492375,0.0,0.0,0.9931651728959993,0.9920006275031433,1.0
Stackelberg-EPRA,0.65,0.8730945547660603,0.4342953486888384,0.5713720839998019,0.09191478647460015,0.6334633670633837,0.685438743939422,0.05197537687603821,0.0,0.0,0.9919706597609306,0.989772541461203,1.0
Stackelberg-EPRA,0.8,0.9285382686551215,0.4692994739633582,0.5427053338446761,0.08979025923145818,0.6228885045903869,0.6732574104843759,0.05036890589398902,0.0,0.0,0.9913662845081386,0.9876144121869377,1.0
TARFO,0.2,0.6734632617686697,0.3723878802729725,0.6775331914133792,0.048491796929779875,0.7292421635979028,0.7377353134404943,0.008493149842591486,0.0,0.0,0.9975116834826049,0.9976269631922446,0.9998784120615235
TARFO,0.35,0.7391537978559399,0.40358186635380716,0.6454761101702573,0.048384359479695764,0.7104703916017004,0.7188656776441399,0.00839528604243933,0.0,0.0,0.9960338664583919,0.9966801279731383,0.9993350408211406
TARFO,0.5,0.8016641437723379,0.43691625807347156,0.6121915919190133,0.04788178343699242,0.6942443488462233,0.702495168644181,0.008250819797957719,0.0,0.0,0.995944742095,0.9952963142285594,0.9989081654154807
TARFO,0.65,0.8627341911887992,0.4766830467144474,0.5772871004031357,0.047455561035692824,0.677421622098726,0.6855724801615795,0.00815085806285334,0.0,0.0,0.9957701376287323,0.9936087240046696,0.998383460071533
TARFO,0.8,0.9176610812843383,0.5133672164556412,0.5513544500221309,0.04675354163370993,0.6653419721682917,0.6733430614867509,0.008001089318459293,0.0,0.0,0.9954939915862017,0.9914173976007715,0.9979955990328916
