policy,deposit_price_coeff,average_delay,average_energy,sla_satisfaction_ratio,average_user_payment,average_user_utility,average_social_welfare,broker_utility,bad_debt_loss,settlement_deviation,task_acceptance_ratio,individual_rational_ratio,budget_balance_ratio
NoReputation,0.0,0.7014163734347103,0.29671792956930615,0.6655075826735516,0.067831895494951,0.7072889559384383,0.7213333299712262,0.01404437403278789,0.006758691263520386,0.007470326531876289,0.9941387057805615,0.9963734818453203,0.7602814071229961
NoReputation,0.2,0.7011693734333736,0.29670551630053305,0.6651266560410786,0.06783129532430039,0.7073467210341841,0.7224190026919947,0.015072281657810748,0.0057390244974873965,0.007472283376189096,0.9941690363841406,0.9965844992230194,0.7657237980412511
NoReputation,0.35,0.7010691350351309,0.29693914360419293,0.6649172006251599,0.0678178902073144,0.7073833599151729,0.7232596080000849,0.015876248084912004,0.0049252850138405075,0.00747278306000831,0.9941690363841406,0.9965246548184713,0.7722775346728513
NoReputation,0.5,0.7010677503526969,0.29693914360419293,0.6649172006251599,0.06781785906191266,0.7073837233843587,0.7240009154156238,0.01661719203126513,0.0041843099220856585,0.0074727977707712626,0.9941690363841406,0.9965246548184713,0.7825225209250511
NoReputation,0.7,0.7038789717865933,0.2969154782177307,0.6643158119163429,0.06785824519906151,0.7065663657284219,0.7241857017405593,0.017619336012137197,0.0032228540148740263,0.007483680016890182,0.9945942229000146,0.9962835151985555,0.7976795785681482
Delay-Energy,0.0,0.7982839899605897,0.31993142172270167,0.6120315807269687,0.09665789142546288,0.6543904825841226,0.7092195953948878,0.05482911281076539,0.0,0.0,0.9933930033341879,0.992943059656815,1.0
Delay-Energy,0.2,0.7982839899605897,0.31993142172270167,0.6120315807269687,0.09665789142546288,0.6543904825841226,0.7092195953948878,0.05482911281076539,0.0,0.0,0.9933930033341879,0.992943059656815,1.0
Delay-Energy,0.35,0.7982839899605897,0.31993142172270167,0.6120315807269687,0.09665789142546288,0.6543904825841226,0.7092195953948878,0.05482911281076539,0.0,0.0,0.9933930033341879,0.992943059656815,1.0
Delay-Energy,0.5,0.7982839899605897,0.31993142172270167,0.6120315807269687,0.09665789142546288,0.6543904825841226,0.7092195953948878,0.05482911281076539,0.0,0.0,0.9933930033341879,0.992943059656815,1.0
Delay-Energy,0.7,0.7982839899605897,0.31993142172270167,0.6120315807269687,0.09665789142546288,0.6543904825841226,0.7092195953948878,0.05482911281076539,0.0,0.0,0.9933930033341879,0.992943059656815,1.0
DP-MEC,0.0,0.764030077220649,0.383089465443861,0.6294145002104727,0.10989586974481237,0.6466785446317065,0.7163952416791001,0.06971669704739356,0.0,0.0,0.9902342384648085,0.9915527389910564,1.0
DP-MEC,0.2,0.764030077220649,0.383089465443861,0.6294145002104727,0.10989586974481237,0.6466785446317065,0.7163952416791001,0.06971669704739356,0.0,0.0,0.9902342384648085,0.9915527389910564,1.0
DP-MEC,0.35,0.764030077220649,0.383089465443861,0.6294145002104727,0.10989586974481237,0.6466785446317065,0.7163952416791001,0.06971669704739356,0.0,0.0,0.9902342384648085,0.9915527389910564,1.0
DP-MEC,0.5,0.764030077220649,0.383089465443861,0.6294145002104727,0.10989586974481237,0.6466785446317065,0.7163952416791001,0.06971669704739356,0.0,0.0,0.9902342384648085,0.9915527389910564,1.0
DP-MEC,0.7,0.764030077220649,0.383089465443861,0.6294145002104727,0.10989586974481237,0.6466785446317065,0.7163952416791001,0.06971669704739356,0.0,0.0,0.9902342384648085,0.9915527389910564,1.0
DoubleAuction,0.0,0.7580521780957675,0.40557452853668846,0.6335139027173935,0.3357663112374796,0.4232812086752749,0.7193984610738332,0.29611725239855824,0.0,0.0,0.9709684012536405,0.9823577319093628,1.0
DoubleAuction,0.2,0.7580521780957675,0.40557452853668846,0.6335139027173935,0.3357663112374796,0.4232812086752749,0.7193984610738332,0.29611725239855824,0.0,0.0,0.9709684012536405,0.9823577319093628,1.0
DoubleAuction,0.35,0.7580521780957675,0.40557452853668846,0.6335139027173935,0.3357663112374796,0.4232812086752749,0.7193984610738332,0.29611725239855824,0.0,0.0,0.9709684012536405,0.9823577319093628,1.0
DoubleAuction,0.5,0.7580521780957675,0.40557452853668846,0.6335139027173935,0.3357663112374796,0.4232812086752749,0.7193984610738332,0.29611725239855824,0.0,0.0,0.9709684012536405,0.9823577319093628,1.0
DoubleAuction,0.7,0.7580521780957675,0.40557452853668846,0.6335139027173935,0.3357663112374796,0.4232812086752749,0.7193984610738332,0.29611725239855824,0.0,0.0,0.9709684012536405,0.9823577319093628,1.0
QCP,0.0,0.6932042012954337,0.30809540208446545,0.6744274017442606,0.06371721328587482,0.7129749845761645,0.7266410308223947,0.013666046246230355,0.003440033859892208,0.007141261932311414,0.993835146916974,0.9967669471978157,0.7570138949801252
QCP,0.2,0.6919063091691783,0.3072801294352115,0.674343829064571,0.06362401230990405,0.7133186808659248,0.7274534435991574,0.01413476273323265,0.002879575088526712,0.007149195037473323,0.9945570428882357,0.9965534537635815,0.7575626652444272
QCP,0.35,0.69186564339409,0.3072801294352115,0.674343829064571,0.06352727511169619,0.7134251778501538,0.7279598642124636,0.014534686362309797,0.00238291504043902,0.007140695593759087,0.9945570428882357,0.9965534537635815,0.7608896020914863
QCP,0.5,0.6915555337858663,0.3071452362595477,0.6751247179396703,0.0634757673845745,0.7134786437914102,0.728419054575788,0.01494041078437782,0.0019188610000205884,0.007122672781022653,0.9948934698564442,0.9964049672465833,0.7658753295464963
QCP,0.7,0.6925738213072506,0.30703434271036456,0.6742308890166134,0.06339479075899514,0.7133377675027474,0.7287345919910658,0.015396824488318457,0.0013722251571693317,0.007113444938669705,0.9950136761392244,0.9962816750262061,0.7715822698046196
Stackelberg-EPRA,0.0,0.771257321266905,0.3837801271716142,0.6237885129627094,0.09437351629728279,0.6598163105777394,0.7139118582336564,0.05409554765591703,0.0,0.0,0.9938420764922237,0.9937698955682636,1.0
Stackelberg-EPRA,0.2,0.771257321266905,0.3837801271716142,0.6237885129627094,0.09437351629728279,0.6598163105777394,0.7139118582336564,0.05409554765591703,0.0,0.0,0.9938420764922237,0.9937698955682636,1.0
Stackelberg-EPRA,0.35,0.771257321266905,0.3837801271716142,0.6237885129627094,0.09437351629728279,0.6598163105777394,0.7139118582336564,0.05409554765591703,0.0,0.0,0.9938420764922237,0.9937698955682636,1.0
Stackelberg-EPRA,0.5,0.771257321266905,0.3837801271716142,0.6237885129627094,0.09437351629728279,0.6598163105777394,0.7139118582336564,0.05409554765591703,0.0,0.0,0.9938420764922237,0.9937698955682636,1.0
Stackelberg-EPRA,0.7,0.771257321266905,0.3837801271716142,0.6237885129627094,0.09437351629728279,0.6598163105777394,0.7139118582336564,0.05409554765591703,0.0,0.0,0.9938420764922237,0.9937698955682636,1.0
TARFO,0.0,0.7639837358474022,0.41364846401723315,0.6291457180544396,0.0481921160654345,0.7056464315037164,0.7139861326195477,0.00833970111583134,0.0,0.0,0.9965112197554186,0.9960460798180009,0.9989769906874445
TARFO,0.2,0.7639837358474022,0.41364846401723315,0.6291457180544396,0.0481921160654345,0.7056464315037164,0.7139861326195477,0.00833970111583134,0.0,0.0,0.9965112197554186,0.9960460798180009,0.9989769906874445
TARFO,0.35,0.7639837358474022,0.41364846401723315,0.6291457180544396,0.0481921160654345,0.7056464315037164,0.7139861326195477,0.00833970111583134,0.0,0.0,0.9965112197554186,0.9960460798180009,0.9989769906874445
TARFO,0.5,0.7639837358474022,0.41364846401723315,0.6291457180544396,0.0481921160654345,0.7056464315037164,0.7139861326195477,0.00833970111583134,0.0,0.0,0.9965112197554186,0.9960460798180009,0.9989769906874445
TARFO,0.7,0.7639837358474022,0.41364846401723315,0.6291457180544396,0.0481921160654345,0.7056464315037164,0.7139861326195477,0.00833970111583134,0.0,0.0,0.9965112197554186,0.9960460798180009,0.9989769906874445
