policy,slot_bin,nonpayment,user_reputation,deposit_quote_ratio
NoReputation,0,0.1043802423112768,0.7438725692622785,0.43913465857785133
NoReputation,40,0.10268059972739664,0.8654384809308853,0.4477277326027446
NoReputation,80,0.1144578313253012,0.8888452838274796,0.4523142249312222
NoReputation,120,0.08945386064030132,0.9065221208308044,0.44809266677804527
NoReputation,160,0.09870848708487084,0.91333980081875,0.4463562432884172
NoReputation,200,0.10296191819464035,0.9090964724622236,0.4507728278898249
NoReputation,240,0.11397748592870544,0.904108775573947,0.4496992071578579
NoReputation,280,0.10526315789473684,0.9042777693620678,0.44702537132689535
NoReputation,320,0.11052882324916627,0.9003173231188994,0.447214616429809
NoReputation,360,0.11184834123222749,0.9007355186978925,0.4433134440354083
NoReputation,400,0.11068519405845711,0.902343732251262,0.44946913192908255
NoReputation,440,0.11256422232601589,0.8983468571948288,0.4561605303641728
NoReputation,480,0.11970534069981584,0.8953274329418257,0.4452860328168818
NoReputation,520,0.12,0.8936975888018789,0.44914905772247044
NoReputation,560,0.11083864639529181,0.897744488775665,0.4524268869174473
QCP,0,0.04836415362731152,0.7428560934060259,1.0099015192006977
QCP,40,0.0708697653014266,0.8760661892930016,0.5240467692796644
QCP,80,0.059953161592505855,0.9255047079745005,0.4757568949562327
QCP,120,0.047596382674916705,0.9457235110292841,0.4721608641516508
QCP,160,0.05405405405405406,0.9519634699953142,0.4644172892388866
QCP,200,0.04875717017208413,0.9529191266209223,0.4753857033013109
QCP,240,0.05907372400756144,0.9501619232522611,0.47356251244461744
QCP,280,0.04704170708050436,0.9521492523384179,0.46674067168640626
QCP,320,0.05250481695568401,0.9569970632874041,0.4728629567682736
QCP,360,0.05609284332688588,0.9511791347868866,0.463689577939787
QCP,400,0.052733430091920656,0.9501912879825164,0.47693091858334974
QCP,440,0.0500945179584121,0.9541885814985263,0.4816140463246663
QCP,480,0.05194197473093121,0.9546765827599449,0.46795752516587763
QCP,520,0.044278606965174126,0.9560217969912719,0.4705764814065098
QCP,560,0.042679900744416875,0.9599314155464342,0.47406224739520225
