policy,low_reputation_ratio,average_delay,average_energy,sla_satisfaction_ratio,average_user_payment,average_user_utility,average_social_welfare,broker_utility,bad_debt_loss,settlement_deviation,task_acceptance_ratio,individual_rational_ratio,budget_balance_ratio
NoReputation,0.0,0.6958752891987654,0.29186383862785736,0.6691385272651149,0.06828205082058582,0.7085598897654349,0.7240921987141387,0.015532308948703721,0.004368288235557099,0.00740584338914384,0.9941731478736742,0.9964679905559404,0.7626432223313285
NoReputation,0.25,0.7103049160790115,0.2959020271825184,0.6621549848990883,0.0678868956483006,0.7053524004536126,0.7195988956794211,0.01424649522580855,0.004353323126321623,0.0075769088899329306,0.9938132998353738,0.9954591675004401,0.7521113147660765
NoReputation,0.5,0.66594451870542,0.28804967388151365,0.6847809041718128,0.06775052868621087,0.7158353749702493,0.7314859463543014,0.015650571384052108,0.004362956885141696,0.007026920686821872,0.9963650271446278,0.9972873741988854,0.7605824566310523
NoReputation,0.75,0.6711843709556934,0.2991044307303947,0.6805424861199993,0.06752043887128051,0.71476109062953,0.7309694475003065,0.016208356870776444,0.004251728344624923,0.007167820114141716,0.994440895684816,0.9968297333900903,0.7724183657735807
Delay-Energy,0.0,0.7909716370451578,0.3198472918944723,0.6159746198339429,0.09732069803038317,0.6553760190614841,0.7095773662458745,0.05420134718439048,0.0,0.0,0.9940234820061674,0.9931451463404831,1.0
Delay-Energy,0.25,0.8081083169285691,0.3167537306516453,0.6066994071025594,0.09675886310946473,0.6520268437589419,0.7045964213707006,0.05256957761175864,0.0,0.0,0.9933568793286575,0.9925090435410592,1.0
Delay-Energy,0.5,0.7452324652668493,0.3096799379214156,0.6371811616031225,0.09809551114434256,0.6661296326415277,0.7215401020527211,0.05541046941119354,0.0,0.0,0.993601603801376,0.9950996270184492,1.0
Delay-Energy,0.75,0.7574949385622243,0.31736629464052885,0.6340282722195077,0.09756813432609945,0.6632494528215668,0.7187676319944939,0.05551817917292711,0.0,0.0,0.9938104370545989,0.9937934307955317,1.0
DP-MEC,0.0,0.7588391630364729,0.38547423831792305,0.632751603494262,0.11051097633958806,0.6472337931576315,0.7162355646947006,0.06900177153706906,0.0,0.0,0.9910202766150583,0.992156488377153,1.0
DP-MEC,0.25,0.7739790891780962,0.3854792866697197,0.6219362494183612,0.11010800479829426,0.6440466960234102,0.7117614725600953,0.06771477653668505,0.0,0.0,0.9902006596754344,0.9913953928236743,1.0
DP-MEC,0.5,0.7200277446185465,0.3565093313377403,0.6519155530012842,0.11004834977695216,0.6582206987864608,0.7268637926585648,0.06864309387210395,0.0,0.0,0.9914387139315446,0.9934539751414985,1.0
DP-MEC,0.75,0.7316540225882994,0.3632439599705845,0.6442536877036128,0.10975614603491203,0.6552528080640638,0.7243116682064299,0.06905886014236608,0.0,0.0,0.9920061064307845,0.9931265679866317,1.0
DoubleAuction,0.0,0.7453427910583027,0.4111011469073378,0.6398825738295417,0.3384120713894054,0.42324466670856237,0.7207530091697896,0.29750834246122715,0.0,0.0,0.972104667746914,0.9855209639401913,1.0
DoubleAuction,0.25,0.7644404143578805,0.4136957023706453,0.6305834466452763,0.33508875127114873,0.42167041466858496,0.7150732455461495,0.2934028308775645,0.0,0.0,0.9714781757023592,0.9814874284049186,1.0
DoubleAuction,0.5,0.7137744670753198,0.3722079254640629,0.6559820656519612,0.35029573138179865,0.42119863739465063,0.7305430796867437,0.309344442292093,0.0,0.0,0.9719200587422338,0.987289127155086,1.0
DoubleAuction,0.75,0.7262822227752253,0.3812011804196042,0.6480878801092315,0.34639942484806135,0.42142412191316686,0.7276536331886684,0.3062295112755017,0.0,0.0,0.971433335388815,0.985036622525933,1.0
QCP,0.0,0.688664490505377,0.3020389084594099,0.675533458075343,0.0638605616134329,0.7142199899833862,0.7280952756880003,0.013875285704614137,0.0019829969058499553,0.007076020491861345,0.9939609138156708,0.9969212733990638,0.7474232511584717
QCP,0.25,0.7016951803651666,0.30712230428170967,0.6688539062054567,0.06369830616387058,0.711014777541798,0.7237224526878111,0.012707675146013073,0.002113822109890601,0.007238920768865488,0.9940495007025886,0.9959422315607203,0.7349966860407896
QCP,0.5,0.6573630109141398,0.29528164125127665,0.6891693235313295,0.0633467310873277,0.7222942430886313,0.7361220982861852,0.013827855197553857,0.0020499875549630873,0.00669749800100503,0.9951627716143151,0.9974895181275071,0.7404963579829982
QCP,0.75,0.663774654071171,0.3071374524452753,0.6868089742119091,0.06334340032968314,0.7201493283119514,0.7346490563010762,0.014499727989124779,0.002073826717846373,0.006802495340632987,0.9951960050821941,0.9974028960825093,0.7525450991574042
Stackelberg-EPRA,0.0,0.7609038273985128,0.3863009526085997,0.6300855215517563,0.09670709657296134,0.6597884479093468,0.7149211214552507,0.05513267354590402,0.0,0.0,0.9941428974371448,0.9942283937007282,1.0
Stackelberg-EPRA,0.25,0.7742004835677881,0.38718827626620667,0.6233330641103437,0.09757814536845598,0.6559071509264824,0.7110371805046153,0.05513002957813277,0.0,0.0,0.993207976556077,0.9930916837404427,1.0
Stackelberg-EPRA,0.5,0.7265008946142074,0.35709432600790764,0.6486742772200783,0.09751126667326428,0.6685780763868475,0.7246313034574228,0.05605322707057534,0.0,0.0,0.9945662972202549,0.9944427937389623,1.0
Stackelberg-EPRA,0.75,0.7363276408060524,0.36522752657747465,0.6412820408843845,0.0959573782003315,0.6675399938781688,0.722767199904729,0.055227206026560394,0.0,0.0,0.9940167651751904,0.9941050070409067,1.0
TARFO,0.0,0.7541322774245898,0.41964321206811306,0.6360935555473627,0.049785985379350785,0.7061213775428371,0.7147885759251594,0.008667198382322296,0.0,0.0,0.9963950324684739,0.9959599859123432,0.999610479677941
TARFO,0.25,0.7693402849662059,0.424523500808315,0.6286330342737758,0.050801122725014046,0.7012490408158513,0.7101321573988463,0.008883116582994975,0.0,0.0,0.996366203401451,0.9954087721740326,0.999637841609168
TARFO,0.5,0.7214686753220727,0.3794630737222054,0.6512432047244027,0.0497823152851137,0.7158395387527573,0.724478493829766,0.008638955077008743,0.0,0.0,0.9969631757359919,0.9969520567561473,0.9990667261806258
TARFO,0.75,0.7318488369214343,0.3883041960693993,0.6465922921989281,0.04884629438095151,0.7138581802833347,0.7223235462143428,0.008465365931007982,0.0,0.0,0.9970891553789611,0.9966881778963078,0.9991569866387403
